이름,가격,링크
삼성전자 갤럭시S10e 128GB (SKT),판매중단,https://cr.shopping.naver.com/adcr.nhn?x=UROZy4R4z57xDNupnPNYY%2F%2F%2F%2Fw%3D%3DstVpk4xONog8xFWPaWgbxNwPOZ9YJ3liSqXExpwaof4ZLNxXzQCzkIEnu1hmGhT97X1TOuCHUnQZ81GFML09Tad1PUSmdZKpsArmn8OcN7evHODgExG1S49cG2i8U9195r2fETgtXCV9IJi8dH7fB2t9%2BKy%2Fm0d%2BgYWHtEf61Jo5CNclKwvLyA%2Fys%2F%2FHPPajL%2BekiyfivPmNSbEfLeSGhQH4njBPHmF5su0Ntt0Vg1J2HCBSkcTToWxcEKgwQq4xiQ2e7143Fourr6frVymGUK0fh%2FKsqHGnfkGuzGJvd9ZJr6kdrp7BvT8OlwZ7P37YyZp%2FuhVWf5tMOyu5R2EADuwOIpMXhmoYfM2RaDKvZfxw6JIeyjRJJG8AQSjlBThBKN7zreVvJYIASOjvs6F230ZlpdYCaMw9RBa9OCAjKM3siNvEAyH7XT6ObGe95mRdUD6ehlvQ8MfitIpzAAX8tvtYhnpCAUC293A3os1T4RulJm%2F1ne9lUZdiLJ5vX8PmzHaMRP%2FRVVCLIgrNJHcVPNMLSGId%2BZ%2FOYAjRfVwLnTYrYAoLvEx%2BiBEyPSEfiSCl3ADHlR0fsl9ryreohnI0HI%2BR79U%2F6Az3gE9mQ%2Flgn57E%3D&nvMid=17914520808&catId=50000246
삼성 갤럭시s10 5g 공기계,"140,000원",https://cr.shopping.naver.com/adcr.nhn?x=pSOgfMztI06HIAK9jfdrj%2F%2F%2F%2Fw%3D%3DslDLmsCrctgkHsCy%2BJAPcHQo3eGbUkO61LzmlPRPfdEFLNxXzQCzkIEnu1hmGhT97Tv4LhkiK0kjzpehxFxpve91PUSmdZKpsArmn8OcN7evHODgExG1S49cG2i8U9195Sy7FzuxGbVsziTxjE5sSJFi393%2FfVqWWsor6vo8eno%2BO%2FsdgQE5FIA0Tw1QMogpF19njiQV97s5xyxV88lSa8JzNpT2Nj8ijWKfK3CqPC4m%2Bf1cgNhijeywJF91KcUlsvRPrhVH5gtmQcsZLqBwKbsHPv45Edr5fvvv%2FlTzZa4WJUJ2mK9OkCvTV4i6eQKcylmO2kN%2FO%2FQKG23M4%2B4RbFNrycHn5RFhp1XjwOR0mzldMttISm1Bi%2Fn75OujI72vulakieTr%2F560u58LYvVwrF3nMy7h%2FSS0iGZCrgLRL%2FgUrr%2BZfPcKKU1pER2PQqNwEiRoXBcHFw0d9JU%2FdbF4fyJ4INIHYs6wdl%2Fb1kz6xVgUwA54W9b4AcolPUYUwxrKuy9O26Di8KMS%2BiGo7JDPn2Rtq5tBtkJssTcPA%2FyDWkDvetMBUNDAMf%2Bx8XY1y34VYy1Vhq%2FH77x9Zlr1IFzyuow%3D%3D&nvMid=40571416883&catId=50000249
삼성전자 삼성 갤럭시 S10 5G 공기계 G977,"160,550원",https://cr.shopping.naver.com/adcr.nhn?x=aS%2FMHOvyVh7EqGwhTsDN%2Fv%2F%2F%2Fw%3D%3DsBHzJExstdN%2BQPkj3PuUpetqKSSrjkYrXuBYF%2FMGktg9LNxXzQCzkIEnu1hmGhT97OSkyAjZzla0PplHTkxt9oN1PUSmdZKpsArmn8OcN7evHODgExG1S49cG2i8U9195r2fETgtXCV9IJi8dH7fB2kuRuCra0V6kWdISE25kd8FriMUDdTVUai0ALld2qP1J4WYxdABEepoo4CYQfNhsKqYkxelmwpEFOWOAFcs27rS1hvb46gJJqJ2U1U3rZnCSypPajD6yKnwusQqEpnlTc5S1yd62COp7ZloUf5Z0DGS%2BRSsulxzuZh91kr9PDkB2h8z9ArpZ5OJcU8fVtzjYRyAVdAOGxptQe6SJREotCfgHs%2F2PHkpmvWjL2qy1nHubQY4qk%2FHDnCpgFeUCvIf66WuL1R28gplS6yKjX5%2BmDlVdrU9gBvTOY8XVxGgpGxxdogP2x6mTqqAnTOdgeZk2PMvYukShnCE5I9jVsZaQNIXdEsNx4ZdkfR9015EMtFLphr2k2iQOqLtHibLd6%2FvJt%2F16uE%2BEekI88XhpEymV7HA7U%2FaVlvQIPA5gHd8%2F%2Bnt1DbLsxToSjHnbSy1glha3toqJSceAMnj2pJeskc%2FGZtnTn%2BIvcxawVxNuePP9ktetJr2tE2EvtWBn7sLvCN4b47iputG5aqlg%2BhpsemFhlgJyHQGqZsUqVWtKsox0KpSdBq7h9PA5SrIXrcWPClBGWw%3D%3D&nvMid=40750712404&catId=50000249
[중고]삼성 갤럭시 S10+ 플러스 128GB 공기계 무약정,"152,640원",https://cr.shopping.naver.com/adcr.nhn?x=CXZqWQc0NeIaRQHcY%2BpYif%2F%2F%2Fw%3D%3DsDzKw7sTXMOEtViIpcOetXu7b%2BntYhx9%2FzvsgRmWKSZIBxBRNvFhvy7mgrVLbbbiTpEn3ZEQ7lh8Cqol75EkB4o67cVCXRtCxR1f5TWhJc1qZA8z76lPqEWMkxz9Qd9l3zjqndUs78bm9DwanKptPQ%2Fa0AF6QykTFX74Hf1aaEpX6xQpEQ1zmCk45R5MPh%2F1pD8HTrsBlBJDTa7zRqC6%2FPJFGho%2BqKfTxFt0UCsdkWoJoORvWpZFd%2FkvKkdriOXvyFjMVqtvxm1TmR02xfkpRMEfh%2FKsqHGnfkGuzGJvd9ZJr6kdrp7BvT8OlwZ7P37YyZp%2FuhVWf5tMOyu5R2EADu1gFajUtCtYyfBj7SEUxPbGhASFm6QMSHF%2FUaOA0EOrwgFCw09t6HFJ8ZiWH6cVUAXDgMWaLj7luT2flSMBxCTcAyiSBYWescVhD6VK7PPxIR47ARaso69Wt6gazRq6dCYbFCfingTj9vKI71Bh99sBOn9kxxMRhtSlLyAmBj56Ecr7%2BXOmah8Fmyau1qZyX0eBDkptOXvjxDSshG4tAfO%2F%2F0vwEDoFwsFc6v60bSI%2FWKYTOF5KsHq%2BigGAc1pAeZ8CuSL77lwUMgQ2TiviECLecfEwL8ooM7lROv4J%2BZIB286euOFlqYxGW3xtmz76xsQ1QmAmnoJRdq4K9btjkCM0%3D&nvMid=39875481266&catId=50000249
삼성 갤럭시S10+ 512G SM-G975 미개통 미사용 새제품 공기계,"485,500원",https://cr.shopping.naver.com/adcr.nhn?x=Dn7phQ%2FR4jUKtqZuOBBwtv%2F%2F%2Fw%3D%3DsjfMY7eBUOVlsXMd1nGcHQJjDRDEsk3%2B2tr7pnvL5yzsBxBRNvFhvy7mgrVLbbbiTnLAl9XR1ZDbhcrAfR8XJkdcYL8ffjXTPEK7NX0e822eZA8z76lPqEWMkxz9Qd9l3zjqndUs78bm9DwanKptPQ4TQFhMNCQrG%2ByyVwSaillfdNec4Cvj%2Ba%2BGQsrA34g6VnH3x9hR4hrXTKnC9zITKvUrsN%2BbAGPahG8GrDY44BEOrilkDeG%2B1rLU11UaeFf3disext5K2yYkF868rsMDqiTG0yQsh0HHdvVOwApDC3lvZO8lqvNkbRjhTLioH%2BZIXknnpBql96m6NvKPxU4%2F6XCiaNdUH%2B2728mNT2oOAmW0h9RtQEMDkptfTK7ucdjVkM7rsgkCyhirl6sgxAkt2VS0IicWGuhHhvKXa9VKhx4zoTxfpWo7o%2FkdjVoxc%2BWLCMmmdmvrv38uIJ8%2B2A7WbtOAD9Ah6coldFfBlh5n9l0GiV%2B%2FBfk%2FaFwF5c9G6r8eYT2SQDb5kiJSFc8rfH0KgDeCWZzuQmKOSYC39e7AMK4tivjDV%2BvBM6L4XElCRgpqHj%2BIiKX94cWH%2F75EHgg19LI6Te8L6P6Cc11u5ePevJD0DfkLIyuldBS3f8m8e6nLmzUhNzs2VE%2B%2Bisqs3JAEppg%3D%3D&nvMid=86815955446&catId=50001519
삼성전자 갤럭시 S10 5G 512GB 공기계,"230,000원",https://cr.shopping.naver.com/adcr.nhn?x=c7vGaRCXL9GA2mwppWTMl%2F%2F%2F%2Fw%3D%3DsAce4rIMC3Zp9bpOjb9aXY7Ju1WALzCiETica6pb%2BagWW1lN%2FrePuoCGjaDOC4zAfy4mLdbLGNSJwAYMjiHDvyv9zkO0hTbqsqO80aZG%2BiQ1T3%2BYea8CtW8UdKOUr6ku6UccPdZlxt4XAKQKLLt1Rc1NVcI%2F18ppt353%2FqRWzEBPXkj%2BZW%2F1lJfgqvRvZaBhRM%2FptGQodazhUilsT7eAh8KN9pYNvfvdR2Rmy1C4xQS8Gm0YaszgzlxvVs9oY9oaqR%2BH8qyocad%2BQa7MYm931kmvqR2unsG9Pw6XBns%2FftjJmn%2B6FVZ%2Fm0w7K7lHYQAO7cXjNOs09bAxscys8LA425efUiiwQuvO25suOPFLlj%2FFIlVJZ8O0gw0Vk9pXDSQNdlNpfxoXdbbR7YTVM6qpm8XXA5Oz3WXM5peDivUt%2FUj35XE4yjw7LPpeZwj9lYy3L%2FrG4Em8Y0g3IcN47ST4h6okaFwXBxcNHfSVP3WxeH8gdCtuzKPp5MsrhD8wG6SIpaGBTC9jhxy%2F1oSIdoRxrBMvTtug4vCjEvohqOyQz59m2%2BAas1BTMltByept6b1dYb%2Fzqy3tbrsPL0GNxuIr5amhopkeKUdu5q4dSKA0zkoA%3D&nvMid=42716083489&catId=50000249
삼성 갤럭시 S10 5G 자급제 512GB 공기계 정품,"420,000원",https://cr.shopping.naver.com/adcr.nhn?x=tcFqYTqEGGhassZnFVv4SP%2F%2F%2Fw%3D%3DsZmfVzuM709OebWQSR4NU6aTS%2BfkA7NPRZSAthjs1Bv%2BW1lN%2FrePuoCGjaDOC4zAfwuDlYIf8gysnhHSIoyc9104N5BFJqWUUQlGT%2B6waLGhT3%2BYea8CtW8UdKOUr6ku6%2FYKR4MfOf%2FNSKVMdSVxn7uPYFsKOGABFhj5ZzjFkFAeKjyp0s01e9YG50wI1msUPcljTwZqYVVdbn9426JmThZK4d9AJTEByT2IUebTPQ04HBqrUeVrbskn5t5IYjIUUKN%2FSXHbDprBr8OgqLIfR1u22j4kJVFfV3JsQ21GzsoDrmLr9ft4%2BcxstiersI1ZWG5sxY5i3bJeWvShLH4HocDBVuueFOcn2Rlq2Co1shG8gFXQDhsabUHukiURKLQn4B7P9jx5KZr1oy9qstZx7m4aobhIZTJMjJGb2djboPWhHuhsRhoJndko5xAy8wWROXa1PYAb0zmPF1cRoKRscXTYnta4NDy1HA6Gd7PixikYTOBUtdh%2FbNq9%2B3LTnTH2%2BiGkpwYfn%2F78CiebmgDSmKtTM6h0kIl73%2FJGQMAMr4PRpIt98H4Yus%2FOX5kZyQBPgNMI8wAAb8hrhtjqldUPbil2e%2BiiWQpU2i6IrG8WK0hBZ9RKyiAxCbggTJ2Hd2ncG1hu6QCPToQ8xHPAV1DhMINmVVgsMQmmcjxwXoIw9IhZ34XMMs1Huk17b5ZI7yRURVRAkcaNdeKFLF%2BNbI1gBWg4SwcLvxUEucVmH%2BcOht40%3D&nvMid=42796202373&catId=50001519
삼성전자 삼성 갤럭시 S10플러스 공기계 G975,"160,550원",https://cr.shopping.naver.com/adcr.nhn?x=KYeEoXTOKbjPQomS0SnQg%2F%2F%2F%2Fw%3D%3DsTK4xBd4lrWGTkHrwQmvGkgvOSDJDtFqsHZCyz%2FfvXdABxBRNvFhvy7mgrVLbbbiTY6woZZ7n68reXjqzSJgl%2BrNfz%2FjJFvEM4ui%2BaKUPF%2FiZA8z76lPqEWMkxz9Qd9l3zjqndUs78bm9DwanKptPQ%2FOpPHAAXoCUftUko9nv9KGSfzoBgshimPVVTZ9R5tE2rz5BfuKKGlXdbdT0B5lNsmpfgMsv8%2Bvv1HHVPaRzrYfOtQvlMANWlpD4h0dOFVGLf2vmIC7xIWQei%2BJrtUVT7GnxtV23sCvbm1XBAfSpA%2Fmy1Buu0wydVXAglKw1k%2BpI9xmTuY7AWuqxPjfhfa%2BR%2B5pJoFZWNI2yKANI85NeZBak6v2w9jBqMGR4TTsgYaQnlII%2ByYYqWVu3SSXxcjEJdBXARWhm1PNBXKBfWNoZFvJuC%2FR0AErOT6%2Bh28qhDv82H%2FU%2FRs2RONfDDKvEvB6Nn%2Fss8y6iOR6AyiQpO196ybMDeqEwReF0buq5Z3l2WBfBlA4ECMcvlOgs0fLlmlENej0WSgcBdy7lskRDWAWqKTeFU1OcHMxMFdYkZMZGBpr5y0N2xwSUncVx5YqE65weNbIH523y3PEhx8G1j2gX31vDDLzWkqDC3yXQWLg0prx5dH0g2z1mnGI56RXn%2BRsxcQorfHl6LriV1BSLleNkPgNV6dJL4EnRNhcl161kYjmSVoWd0jB03C5aYq3HUc1IKtSSLJQZncWk8e8Ttfjz6Fs%3D&nvMid=40750710303&catId=50000249
삼성 갤럭시S10 플러스 512GB 공기계 3사호환-갤럭시S10 플러스 512GB,"260,000원",https://cr.shopping.naver.com/adcr.nhn?x=EeKjrVb2b4d81k6HKCnmj%2F%2F%2F%2Fw%3D%3Ds8ISEJ74LqZbr6%2Bw6hHR3lxPzzsyX0kF7Xe52Lux0jvQBxBRNvFhvy7mgrVLbbbiTMlSP8eh6IPPFytMWbzdpoXd5gmXCYrUbzuU26TjZ0Q2ZA8z76lPqEWMkxz9Qd9l3zjqndUs78bm9DwanKptPQ2to9Hg73HbAIItcVXxE0vc1JlZHfES505%2F%2Fvugbi%2FndIOVV2uNw8mR2Y7z2dKTdDdvtpSw1nN8zenoP%2BlMOyehi%2B8%2B3tbH3nP8Q%2FVOki1T97uzJOeG26G33pddLXlGKUx1I%2BrKzIUN8ikuD4JGEMTO54J8UO7LDGXdPU9Do8oyMXmq0wb8nQ9S1CNyVqQgAyCyGPq85Z0OfC%2BMDFikh54Sa6M85IgYYyB%2BSLugual%2BpCQjgb7tTdr7Lo6W7h17QsxMtIJ6OHUdFIhUzqZw6dWLXkflKeK4GTTXRXVtOUhPCvy5deJ9pbVDYJjTpnVHUKR%2Fsh62loAINuyRiurAMTfeKZT%2B37O6hKCkXJeSyjXnwpvtSJvXaHs8kX12lOvOSrQFFRla%2BL0PXKp%2FjPscU%2FYNpzuitxqZii%2FdPNVAkpLWD982PFx28%2FtNCmzCoZ20Wz6OuBZD%2FQkGyMe53inOjnLURUK6tmBkdFxsZibZtzxZf5fSk61M6M%2BNZ1kalBJL6myTRhLeTl%2FV4WuUrz4w%2BDSsdHI8FZtQVGFZJxOyBDKc%2B&nvMid=31567815451&catId=50000249
삼성 갤럭시 S10 5G 공기계 LTE사용가능 256GB,"196,800원",https://cr.shopping.naver.com/adcr.nhn?x=%2FnyPl6nY1OaQayzkRgpc7%2F%2F%2F%2Fw%3D%3Dsan416x5o4blv2jPJBJjMpC63J3xktokvMXinxwFIcFWW1lN%2FrePuoCGjaDOC4zAf3XJ9rBMm%2FhOPrrnYbZZggN7SLBx5j%2FH66aiHk3vzuN9T3%2BYea8CtW8UdKOUr6ku6%2FYKR4MfOf%2FNSKVMdSVxn7i%2BYxcAxQnoCnUx3jjIiOILcAdZDhcUNQhYf4Z7nu%2FXG16jkJuvIqZkI8jPbs1Xkq%2Bm%2BWcC4EewBl88YDJdbZFHra%2Bg5c0dFIfHI0Yy%2FVGzIgaqpx7O6lXqV73Ky8zb44r0T64VR%2BYLZkHLGS6gcCm7Bz7%2BORHa%2BX777%2F5U82WuFB5AGZrtEARX2JZ%2BKB0uxr%2BQW42QivL2ndmdaes08ic1drU9gBvTOY8XVxGgpGxxd58yAYAYp3OorIM4081T92EqbCM60V%2BwS7zyDpRUQLNiIaSnBh%2Bf%2FvwKJ5uaANKYq1MzqHSQiXvf8kZAwAyvg9Nts1q0Xh2qwvEU2sD8n4KDrpXRGhP1ryU1zqi8Y8rdKac7orcamYov3TzVQJKS1g2308AfuAH8avvlsO1Aq3B2jrgWQ%2F0JBsjHud4pzo5y16VKa4v%2BmFdXmw3aQGegwIyVYFmJYy8YtuYzKpcrNtBJMpVJxql6BYS7LdKbtVl4fgqgOvq6z5EpEI5N2xav1Mg%3D%3D&nvMid=38101242220&catId=50000249
삼성 갤럭시S10+ 512G SM-G975 미개통 미사용 새제품 공기계,"465,500원",https://cr.shopping.naver.com/adcr.nhn?x=ad46AcU9x3ejQsHvCLrIiv%2F%2F%2Fw%3D%3DsM5fnJWRaBsNWlqXIaAk6mSsAxghnLP6AF9nkCyoVsImW1lN%2FrePuoCGjaDOC4zAfU%2BY171eQZMmOagqLATh6wE4N5BFJqWUUQlGT%2B6waLGhT3%2BYea8CtW8UdKOUr6ku6%2FYKR4MfOf%2FNSKVMdSVxn7smscUZuB%2FB3GA4tAdwd4kJn0E%2B7lsL8Xc%2FJzL4VwihdJuqylBYIjr5gwctU9Q%2FpLMeZUpSkoDMM7rSrpq2dCzurCRdUxvA177jl0VodmokhNUJnit2TyE8yh3GxJ0fiPDYSaiwtcWx8k2vqVeMmRDfDdoRcHmx5TOkpNLQ0%2FS%2Fcf5S5ycDGuwbfEdv1A6kKwpsQYdK3vpmnMup8v5qH79JmorrwWRLY6h6kDkIrstipORK0MbM%2BTrPMrkgAiCmkWFLHVt9z71C7tkOSOs6hxPaVCteSJs0R06EJZTpjbs4r2I5gRBc%2FcDGBICbp0PVh9bihNvSwCfnRj6Yx8Xc3%2FUmlkX647Zdjjw9%2Br5Mcvp%2BaNb5H1%2B9OxZumr7xczBQhiaOuBZD%2FQkGyMe53inOjnLVPh6vWuqiRjd4Gzj6mbK25BZXkDwpPqdtUekTF%2Frr8pVgqB2fLZnLqbfK0v87FQvtXc50eBITwugSNPH3Ok09sVpGw61BSdoQRvEGgfFlc5w%3D%3D&nvMid=86269746765&catId=50001519
"삼성 갤럭시 S10E 공기계 SM-G970N(128GB)휴대폰,알뜰폰, 자급제","175,000원",https://cr.shopping.naver.com/adcr.nhn?x=%2FK%2FY8rjtQkluUj8A4NIxOf%2F%2F%2Fw%3D%3DsfFJegSaFAvTDVAa%2BjxU4YMMhzM8fnYgJZIEJF6qWh5aW1lN%2FrePuoCGjaDOC4zAfF5VbltpdmgXDoQ4tR2vlVN7SLBx5j%2FH66aiHk3vzuN9T3%2BYea8CtW8UdKOUr6ku6%2FYKR4MfOf%2FNSKVMdSVxn7uvO%2FNkgoZhttO2eQuQO0n1wAZkqH9n7Phhue9qbBfjlNO4DzBOSUWX6A1sqpViOqzJ0JSt9bzge1OsfvSm9CdZ4LJ%2Ffi5i%2BNS7%2BLXTrvyABi1BB33O7OReIl1azRmSOFFr6hvPlORZvyZD029UaOGr8uiZ5iy7SD6RmHIZ1xxODqEhwcuOHETKqEAWOS2qy%2BT5PVgo6r5XhQpZ%2BW5LldjLffisv5tHfoGFh7RH%2BtSaOAFJNLWxG%2Fj2gEfGb7GroeELSG3YfGCvTB8fiUZEu92kITx2M5DDcpAWB5f0u%2Buc3XDWTeRReOiaoO3w1jY%2BQmgClb9ib%2FEGuVdb%2FLQpt%2FyCOt675C%2B%2BZLVIbRtCphMSp7bKmeQOkwWP85Jb9N3%2FwVedJK5k6qIDKr%2FmldulgTjSVJbw2QVyZQz9SyTk1TBvt8ZfQ%2FOdBvVRdfygcUlPU91TY4%2FJdn2BeWZ68OwUUvZvH0GL%2F9bv0WFF7TZI8XG4fcU8oPHbaPzMyu4rvDeRZamtY0vFGtYcImi51jMcKK8ZL8a%2BBZPGCJI1FUBgwZws4nFw9112SQcelveTLL0vEPVrJefoOJbmkO4BD9YMbmM0NUJgJp6CUXauCvW7Y5AjN&nvMid=29608271110&catId=50000249
갤럭시S10 5G 실버 256G (G050159629),"244,000원",https://cr.shopping.naver.com/adcr.nhn?x=1g9Am%2F8Itxxv3k3kUpruzP%2F%2F%2Fw%3D%3DsdEGWRSD6XFPZSaIE%2FpAIpisHpx8MLdBrSq63z4JL2g1LNxXzQCzkIEnu1hmGhT97TaySrw02uBmZUQzmcbQajt1PUSmdZKpsArmn8OcN7evHODgExG1S49cG2i8U9195r2fETgtXCV9IJi8dH7fB2tlvoX01r2E%2B%2B3It2bCU0NO5gGx9USfAb3lE5js6K3ZIYSCDyX5T22kmavhfd7uoHDqZTdCJGQZMykNgH0bquIN0c9hvI2AGM%2F%2BiYd76N2ggUDsWmBA2k9o%2F5OgDQCtJTD6BiyiigsSaZqaREDJ%2BjZNCvu%2Fl1%2BEhDuhXdVwEMt6Rh4f4SJYSGx7Lg5dBPXHG1gwFRxMVHmCf1DyU8eXEalRVXemfpmeX70wC2wQT5nyi5pxiwDZPU40LYzhHX%2FcRvwaGe1PB%2BO4AbGMBsKZguojpCjLYrO1%2BfjybPF%2BE7AXVvX82Y5Ils9cLeBDu1LyZB93uEjTRi9gCzn4rMe9hmZrp%2BWgLGvZiZkHmgOfnw6DoTLYNbyDKSboyhAcC2ryhnq%2Bf%2FdocnV1qJcJnbrCFbDcyJorgktZIKtC5KsyLCuPyTFfnGs3itdxi8eIOPsXhzpj3mN8NTG74vWKk4YXustHZlVYLDEJpnI8cF6CMPSIWNxF1rJgiztOXXefTEj8NBgCIcbER78z3NNqvZAma%2Bz2FbDf4gHI5rSMJU1BWcIOg&nvMid=44332862872&catId=50001519
[갤럭시] 삼성전자 갤럭시 S10 플러스 공기계 G975,"169,000원",https://cr.shopping.naver.com/adcr.nhn?x=Cng%2BLCR7YdGi9qnRVQ%2FW6v%2F%2F%2Fw%3D%3DsCFcU%2F8QLOTkL7CN5%2FhHhPg9mFUl5A%2B9QXvMyE6YUQuWW1lN%2FrePuoCGjaDOC4zAf6loZzjP7GO67Ock420MS6s%2BB6dPA9ypXpuNCGxqBsTFT3%2BYea8CtW8UdKOUr6ku6%2FYKR4MfOf%2FNSKVMdSVxn7sKnf8MCTviy2wcatzF5dszCZpBTdrt3bWAArRPnKowazZztvLlYniS7XwRevxknW68Ry4vrNZWjH8FLVpHfbiU1Ub5wTBhoPMy38MciVWKfRlA7AtSzHy0fIZ1DoJirj8orOcpyyHzin%2Bc5GJ50zUaJ%2BHvwPYsaKPwschiNg3a0EIZJB1yuP5kkcuYnGBP9uwVt%2Bq%2BEGbIURH4Pt76u0TaZSUodO78rNHvp7YSqEBC4aJzKlJxDwH98Bda84B%2BVjY5ZJZhVENEwYl7VhveXd58kv1mcJivi6reddbdGeireM5OEUAXpQcymTGPx2eExY9MOVS7YO02opZDIHlNoftX5XE4yjw7LPpeZwj9lYy3LWq%2BYDoMVuZ1LXLnVaBgq3mgmUpxwtyagHjwO7IW0GYEEUSzrnP7qS7e1sQyddBEvLpdVxCJ4xjcAH8EAow4Gls9rD6vHd6KPSgqWqXf0u0TL07boOLwoxL6IajskM%2BfZ%2B%2Bw%2BjC4AkmTw%2BxeH2kZC9gc8x8iuGAAjMqa4W3%2B%2FHp3Njqh%2FZemCCOboDhnweAmG&nvMid=40751799113&catId=50000249
삼성 갤럭시 S10 플러스 공기계 128GB,"210,000원",https://cr.shopping.naver.com/adcr.nhn?x=SUjfDVmJXoft%2BkWzbJdl5f%2F%2F%2Fw%3D%3DsAhCRVg1tOp6fsh%2Br%2F49iKOdquFMZ7VkefGu6ZiODk1gBxBRNvFhvy7mgrVLbbbiTwla0k4%2FjeaNjFglOYiQD4GoAvI3KW%2FhU9Sjnqjt%2FYAmZA8z76lPqEWMkxz9Qd9l3zjqndUs78bm9DwanKptPQ2to9Hg73HbAIItcVXxE0vc1JlZHfES505%2F%2Fvugbi%2Fndtt43v2J5H9IRoYVbmIdwYIypvJ%2Fu4%2FnalRVrasRwJqF%2BRAwTUYS4ncrU25SXR55Z5BCS2v%2BBaKUS0XY1oyD%2F7T9rXyqENDUD8omnd%2BAEOivf3Vb8LXDlJWzaxi1N0VJ6o%2FeNH34wk9Ag%2BTcUlA1KdQ7V9insHYBd8hFTcEBQc4Z8d6VOjH%2FOGG%2FcoW3fWzZzdz%2FgTVSF5IO1Hb7O3TO0azO67IJAsoYq5erIMQJLdlXq%2F63zY%2BPfHteM6RaNDEi3japz%2BNFG46od%2FNmJZrGFLiPZ0jJZXZEG8UA5kbLoMTLf%2BrS5PZLo03AzjRKkm%2BxSzE2qxnBXMfCNjAgrZC0tNsKR3YKlD9qGAl6gX9HvZO5kW%2FvCyxl9%2Bd4hytooSUVoagnU%2F8xPZvpkucrAbe1CXFaFndIwdNwuWmKtx1HNSCrUkiyUGZ3FpPHvE7X48%2Bhb&nvMid=36758347679&catId=50000249
갤럭시S 갤럭시 S10 플러스 512GB S등급,"330,000원",https://cr.shopping.naver.com/adcr.nhn?x=34GlHjEYxhQTX7oRpIUH1v%2F%2F%2Fw%3D%3DsdpDcRydNyRzIneswgGJd0AcF1Zoc%2FYarM983hVfieXeW1lN%2FrePuoCGjaDOC4zAfdyYvRoE2iFsxmyd09qQCNxqJ%2FdGjGYiOn0jrdhm%2BlE9T3%2BYea8CtW8UdKOUr6ku6UccPdZlxt4XAKQKLLt1RcwjbH%2B7sNgzVdawuhA2rgiFocCRGEWD8W%2BMUDH2rQjhp0uer%2BpMXWV%2FeqhIPjSZsdXXjKaNZVeHJEOea3Oh%2FSPUMBUcTFR5gn9Q8lPHlxGpUVV3pn6Znl%2B9MAtsEE%2BZ8ouacYsA2T1ONC2M4R1%2F3Eb9F7aEaqJiBX%2FzbzBujMzjdag6Is5lOxS5TSwEA1PQzi2GMkKJgDgkcL2l7%2BAVNd7%2BiB1ALwCh2%2B4i02QzM5wP%2BwmVJqlGnA5%2BrleX0lP4RLICTr5ty3Tb4CYYmizbPZdSfPWiqZ4%2BaXzna%2B4%2FCegBwWdq50Xj7R92Q7DXeaSYnhUxZYy4%2BatEMhhqqiTJk65QQhbI4S4LZIUPqfXbGUCCP05%2FiL3MWsFcTbnjz%2FZLXrbsatGgyr0kA6Jkj3zajH9wdlfMY2TTeJAIgUKm9bZYdl2uuiTBR0GMQDuw9G%2Bgn2UHQIiXcF4qwUXZ2sX76wW8%3D&nvMid=43393051753&catId=50001519
삼성전자 삼성 갤럭시S10+ 512G SM-G975 미개통 새제품 공기계,"499,230원",https://cr.shopping.naver.com/adcr.nhn?x=JylnFX3c16x2rJ9FdHgsYv%2F%2F%2Fw%3D%3Ds4IPu33vLS0xHP%2BkcJkm4sRZxS%2F9DYLsxdhmmBgYEsiwBxBRNvFhvy7mgrVLbbbiTLet9v64MhRB5eUaL7S3YuAOPZKz1uBR3Agr7Apb9lO6ZA8z76lPqEWMkxz9Qd9l3zjqndUs78bm9DwanKptPQ%2FOpPHAAXoCUftUko9nv9KGSfzoBgshimPVVTZ9R5tE2c6qX4z9my8OvjniMlPor6DhycW0VuSP%2BlWjPVpTqtLJ0eUTtw1%2FHDRt1VBL%2BeiBRf2vmIC7xIWQei%2BJrtUVT7GnxtV23sCvbm1XBAfSpA%2Fmy1Buu0wydVXAglKw1k%2BpI9xmTuY7AWuqxPjfhfa%2BR%2B5pJoFZWNI2yKANI85NeZBak6v2w9jBqMGR4TTsgYaQnlII%2ByYYqWVu3SSXxcjEJdOVDIo341JGymW3CiraorcZuC%2FR0AErOT6%2Bh28qhDv82H%2FU%2FRs2RONfDDKvEvB6Nn6Vz%2BNA1rIrIomuzwYyTq9ADeqEwReF0buq5Z3l2WBfBlA4ECMcvlOgs0fLlmlENek4xBRjpwZdLgZ9NIs%2BXXqqGcGmMlMk7GsLv7tXMkjtd%2Ff8Zh3BCNEt6BkpSd2l%2F5nJKjOo%2FCJYNFPcu0KrccyDTGhjAdrab%2BiGGSi5jWJijUwTuzFKT0doWgcHUHLqctSmEzheSrB6vooBgHNaQHmeMdueBgZEYNumX9ApQphSirmyTq9BNgdHl3yrFc2%2Bu4uJRbop3qwiRpBGcEs0hK6IGruH08DlKshetxY8KUEZb&nvMid=44676331920&catId=50000249
갤럭시 S10플러스 공기계,"225,000원",https://cr.shopping.naver.com/adcr.nhn?x=VU8oxkxkNnhSViJwFq0%2Fvf%2F%2F%2Fw%3D%3Dsk52rOPTjg3cwssKbbXjDwI5iPqjXfPEOwGQrKYU4o11LNxXzQCzkIEnu1hmGhT97dcf6woQpb5EzdlV7WvyImd1PUSmdZKpsArmn8OcN7evHODgExG1S49cG2i8U9195Sy7FzuxGbVsziTxjE5sSJMdGH5KCyVnB8U4SStFY7E%2BvTLzzdgu0YMXaHxkkqXw7BS6DXGlqXXvFOmw%2BEQ4qOZU1UcG9YcRHH1H54GZT6HoXuHuZfjnh%2BZtCKaLMO%2BcFyc9uKfCopxI8wMEQ2kNr4eXCuTyphDLRqZ8nysmnunmnYSmhsG6%2BJKZGRZux5sVqumu5MYNf82adD%2BYNiroM45zHu6uGrDFvMDwr9PMQLBWYV%2BzWdJxPbzz8w3nah3e8HUj6srMhQ3yKS4PgkYQxM7ngnxQ7ssMZd09T0OjyjIxearTBvydD1LUI3JWpCADI%2BHJ7%2Fv8FA8utnhHTPf6z2V2tT2AG9M5jxdXEaCkbHF3IOS%2BaMynbuvlAc5zehb6%2B5lmMfIK4P7of%2FWDX2guJz1Jb845a8pSlDcCcWZOycShGtQAGp5yD3qdqOi81hKQikySKek53s9GBalOj58nphdtclqe716GNR8sSvyvFpvgXC3fzTW44rjGA%2FSDDt%2FWxa1jS8Ua1hwiaLnWMxworxiz4GUtgoncHudqABKSfZnasicYPh8MkM2JbPulnRbs9nLywBF6TPdyrHi5pSyQkVg1QmAmnoJRdq4K9btjkCM0%3D&nvMid=43270422228&catId=50000249
[베락스]P047 갤럭시S10 5G 스탠딩 폴더 가죽 케이스,"12,640원",https://cr.shopping.naver.com/adcr.nhn?x=B7QtY%2FmwKk1W%2BfL99mSX9v%2F%2F%2Fw%3D%3DsC5Modkkrn9tBsQatww8BWSzC2X1Pk%2FPBA11eq1aLpnkBxBRNvFhvy7mgrVLbbbiTNN06EzctH5rQRC8HamtQLq6rXzZW%2BnpbzvtuOM1quxiZA8z76lPqEWMkxz9Qd9l3zjqndUs78bm9DwanKptPQ5rxH%2Ffz%2Bwvvbdw%2BY3xzfshyXQbDdU2ZfqXlKIJRxSW4XCo4UcEKB%2BdUMK1xPZgDGqBg2SnV8V5iPo7H15pVMhTZdkX4zM9Bc66ykKSQRRCob3hHCkWQKKQSU30w9S9RKOsKsWDip1zDLfEQWZEWkuufy7hjyrLa8G%2BX5%2Bhb232sifh78D2LGij8LHIYjYN2tBCGSQdcrj%2BZJHLmJxgT%2FbsFbfqvhBmyFER%2BD7e%2BrtE26nW4pb09OWz4bFOYEfQuFEjcwC2LXw0LntuAQLUu%2BgsBDCqYKV%2BJYKSpoXyAgLzmgi7oFMU9fbldqsXGSv9OPEIcYGanoAsQI83xBhxYUbGUDOeEdGp4y7V0OX8zEadrxyrUeLxh2JuaHi60mV9MhcfZsw1lB5NzVUH15ZJ5ZF2tsMdcm6eqOBu%2BUR72q9ie0OyheEmmL6TdC9eRnAzKPoSbkccdNKaljkacPow9v7Z0fSDbPWacYjnpFef5GzFxp9DH%2Fq68YOyA4FwK6RCqvXXblA7G%2F1Fa5RaDVSK58eMDfkLIyuldBS3f8m8e6nLmzUhNzs2VE%2B%2Bisqs3JAEppg%3D%3D&nvMid=42189207683&catId=50001519
삼성 갤럭시 S10 5G 공기계 LTE 사용가능 512GB-갤럭시S10 5G 512GB,"260,000원",https://cr.shopping.naver.com/adcr.nhn?x=9ohs2kAqJkMdx%2BBiJbsH8v%2F%2F%2Fw%3D%3DsyuWdjVNsRfIVxEkBM1zI1BRMQckguuizxGDJJrHby5uW1lN%2FrePuoCGjaDOC4zAfkbdqXcq5xbpYh%2BBTKVq5rT3PbjKDNVozraNm6uWOM2NT3%2BYea8CtW8UdKOUr6ku6UccPdZlxt4XAKQKLLt1Rc1NVcI%2F18ppt353%2FqRWzEBPXkj%2BZW%2F1lJfgqvRvZaBhR%2B9qa4v9N6J25cIKWQGt0jHmxFPcbmOe8ffGom5oKfF7O2%2FlTx56qONFDaQrQyi2g7uzJOeG26G33pddLXlGKUx1I%2BrKzIUN8ikuD4JGEMTO54J8UO7LDGXdPU9Do8oyMXmq0wb8nQ9S1CNyVqQgAyB0HvEZ%2FTpi8anpTng5DwT2vGfcWCgHnl7rBsTIEcSdEjOQmzed5ukLkMOKNbs9JtpDI31WmEdZy63H4UCIywvwzuuyCQLKGKuXqyDECS3ZVQolv5xJ5yHOhto4G1kiDjTMHA7Az1gRf1WEMZzCRC7uRsJJzybrPkACk89MVAQYiwRVnvCuZiOXoP5ZEioZeGX3q%2B2QSOPTOsGL29gxFLHSwvqM5Eg5fgbWfzs8rTPndRpzj%2B%2B48KwrE8R8qTrT5L8KR3YKlD9qGAl6gX9HvZO5Ss7yu9xFee2PxZqJ0w%2BnwEdmtz%2FJBxPNwXiV5NQ59w1aFndIwdNwuWmKtx1HNSCrUkiyUGZ3FpPHvE7X48%2Bhb&nvMid=36561206762&catId=50000249
[갤럭시] 갤럭시 S10 플러스 512GB 공기계 SM-G975N,"448,000원",https://cr.shopping.naver.com/adcr.nhn?x=jMuutPh5DPSARAinBqL9lf%2F%2F%2Fw%3D%3DswGGtgsV16FHvWYRlfdd9gYwVVauyLdWtUX6YAYvT%2Bk2W1lN%2FrePuoCGjaDOC4zAf9khwr3a32dQHQTDT7SjpoRnjKVn319y73ibgYFZhnuRT3%2BYea8CtW8UdKOUr6ku6%2FYKR4MfOf%2FNSKVMdSVxn7sKnf8MCTviy2wcatzF5dszCZpBTdrt3bWAArRPnKowazZztvLlYniS7XwRevxknW68Ry4vrNZWjH8FLVpHfbiUEoqUa%2Fx7eVSkLIeWa569pRlA7AtSzHy0fIZ1DoJirj8orOcpyyHzin%2Bc5GJ50zUaJ%2BHvwPYsaKPwschiNg3a0EIZJB1yuP5kkcuYnGBP9uwVt%2Bq%2BEGbIURH4Pt76u0TYuBFEhkeqcNrvJ4WjmoExoaJzKlJxDwH98Bda84B%2BVjaMSM1rWuw%2FZ5781TfjAzdRbkJV6kDEVrmSO9KbjqVwkM5OEUAXpQcymTGPx2eExY5HyxQ%2BLBEQwEJYLDOb6tPTKEQtrPvbxAaIbJUkWIN5aj8GVPz4d7FzT89rsUt9Rfpae7%2BuhPSFic6QI4ySENmpgAK9jMe5nGw9p9bNtwBSxaakm8rjiPQcGpVEunzreh%2Bva2c4N7ritvu5IsEBOacvZlVYLDEJpnI8cF6CMPSIW30wFOYWlOWN56txTnL0lhM7fp3GOtG87G%2F5i38z8QqaFbDf4gHI5rSMJU1BWcIOg&nvMid=44801464321&catId=50000249
갤럭시S10 핸드폰 렌탈 임대폰 휴대폰 대여,"4,500원",https://cr.shopping.naver.com/adcr.nhn?x=DfBvq0J%2Fi3XfUFwbeYa0AP%2F%2F%2Fw%3D%3DsUTcljSeM7efbzLDCpDX9tQSvgATfunT4o%2BSfijXgv4SW1lN%2FrePuoCGjaDOC4zAfM0cypDyVsSzHkDLZ85fjA8%2BB6dPA9ypXpuNCGxqBsTFT3%2BYea8CtW8UdKOUr6ku6%2FYKR4MfOf%2FNSKVMdSVxn7lee3dbdrQKrCppn2EF6SZhStDzQOj6%2F4jQxxy8%2BTsNOkOcBtf2DNElorMlxGLr%2F7fszRZDuukQnfLZxC6ws633SwT%2BRKzZS3y4yen8fFmkN10YUr0jV9LGWxjitR09NXvq0gPRDGPJM5VfVlFHp1CiRSpMO%2B9P5mn0XASg8RbEg%2FkFO37x5ogfEcU1GPQa3uR1I%2BrKzIUN8ikuD4JGEMTO54J8UO7LDGXdPU9Do8oyMXmq0wb8nQ9S1CNyVqQgAyDLDLAcOXs%2FxFBCxkqUcfQDAOfMZqZfVqm%2Bw4aLF2DYoH%2FU%2FRs2RONfDDKvEvB6Nn38HOkMs3IE3rETHK9c024dDxiD%2Bd3ZmlrlV3L9%2BtKMX3gVBxU3Jr%2Foz%2FVX%2B%2BhgWaz%2BvZipZOyiaOSBI0dk8Jek143Rofs88S5CcnwymoMt4zJGE8QxdDO94UYRj%2B%2B2978noS%2FMoTzePCx0vH5PHUrwphM4Xkqwer6KAYBzWkB5nNRz%2F1p7y%2F7BkKr1T4lvKTQ8lP2vY36FhWqEqBV%2BdbarL7H5x7kc13SEqioNl2IZaBq7h9PA5SrIXrcWPClBGWw%3D%3D&nvMid=32666530771&catId=50000249
삼성 갤럭시 S10E 128G 공기계 -갤럭시S10 5G 256GB,"235,000원",https://cr.shopping.naver.com/adcr.nhn?x=gAqrN1S3LmLyCQFr30SOOf%2F%2F%2Fw%3D%3DsOIPmrgQBogspKu2%2BN6RpDx1jci%2BRWqeM5fdEibQ%2FLAqW1lN%2FrePuoCGjaDOC4zAfetmsD3Nu4H4DvHBH%2F9gvnBnjKVn319y73ibgYFZhnuRT3%2BYea8CtW8UdKOUr6ku6UccPdZlxt4XAKQKLLt1Rc1NVcI%2F18ppt353%2FqRWzEBPXkj%2BZW%2F1lJfgqvRvZaBhR0k9lNNCjfgQvIoOXRHbOoyN2EDMPwQiISpH2tBqDxMbcqa52yjm32f%2FHXYPTLHcU7uzJOeG26G33pddLXlGKUx1I%2BrKzIUN8ikuD4JGEMTO54J8UO7LDGXdPU9Do8oyMXmq0wb8nQ9S1CNyVqQgAyG7oi%2FvbwZhJbhl3qojdpH6vGfcWCgHnl7rBsTIEcSdEQdSqR8NkBJ2zvHClaqqF06ERnWrJt9Eh2SltGUYjcqozuuyCQLKGKuXqyDECS3ZVVC%2Bd%2Bd5Qu3QPu%2B57K2tVUrXkphDvj3kxKSigMXw7V7yXgTuWpo2X0GfHTTzP6MtjEj4m3ft4rxoD%2FcNufYBfOD0dVW20SZeleuOWWKeaasgEpF1b2tXqSciKfd8uyJMOfAl5dudTqZlos35c9ihFnAJ9aalRJSrNKKkP5gMsVtUWLw6ryn56tMC0NaWiUvoExyAhEKTy%2B0Zvtn8oYxIR0Q%3D%3D&nvMid=44145315527&catId=50000249
갤럭시s10 5G 공기계,"144,000원",https://cr.shopping.naver.com/adcr.nhn?x=N3VGbOW4NHfbTv2hinzLG%2F%2F%2F%2Fw%3D%3DsvygAvK%2Bfz1qkvN5cmlT2d81Yj9ztwlI7yWN5nYMhshKW1lN%2FrePuoCGjaDOC4zAfPcYk0MNBN0zs79ej9ngsd%2F9zkO0hTbqsqO80aZG%2BiQ1T3%2BYea8CtW8UdKOUr6ku6%2FYKR4MfOf%2FNSKVMdSVxn7i%2BYxcAxQnoCnUx3jjIiOILcAdZDhcUNQhYf4Z7nu%2FXG16jkJuvIqZkI8jPbs1Xkqwsx07kJPYLoW0IFvpBBxCwKwBr%2BcD%2BwZq6l2w%2BcwwTxgaqpx7O6lXqV73Ky8zb44r0T64VR%2BYLZkHLGS6gcCm7Bz7%2BORHa%2BX777%2F5U82WuFJ77Bae5auL6t2KVpgkjqwJRYSqbVxSOKiB%2BvE3yB38NdrU9gBvTOY8XVxGgpGxxd0xXY72WP%2BUbL3jguvyatwIZhtoKksleT4yKfc1lCbaBSW%2FOOWvKUpQ3AnFmTsnEoHGwF%2BvQMf1X3U3ABath9%2FL9exKLsWP%2B11SzOWp6oVxlopYvBKdbgCfvQmCJxl540mPeY3w1Mbvi9YqThhe6y0dmVVgsMQmmcjxwXoIw9IhY2%2Biw9JGnbvoIwSZuEXXSfSc4zAxBW2A%2BzVK%2B%2BCCQv7g4SwcLvxUEucVmH%2BcOht40%3D&nvMid=43028597784&catId=50000249
삼성 갤럭시 S10 자급제 128GB 공기계 SM-G973,"300,200원",https://cr.shopping.naver.com/adcr.nhn?x=MG6qwGB%2BDvvDbFILFdyTyP%2F%2F%2Fw%3D%3DsIuRdPeJmXRdQoI8PmaWX%2FYdwGVjA8BAipn2VXxHGbYwcB4iVl8G63c0io3DmMA0l3QmPsqGUsU7TYMo7zGKDcBS0iToZaEPc4jLFWD71oiSbkT70zPWRDdl58xqz0EbJyQ5ZaQClRptC6GXYMX5r8mm2qNT9s19RcV%2FLq0sLCrnfTQ7OluPKkCCzLsv5A5WbXTun50kARUsanlCLZDzSbbWyv4Fyf1oMpkT1CumPnRkuldXLQ%2BqS1eb5sSj5WNKpIOlbMsuKyCmuFzgBcKIaTWhClBENmk927HICI6BGv7BxAUuG8VoVhP7AA9D9PzSwjebnPGYZNtjS3V%2F1ykW8O%2FziKuqi6lvlwe2gIVAf2UAlXTdy6Sn%2F2yromYu89VyU2Iu1HlILB0wvn7CY6o1m9GcK8lQTaiT80OkujypaB7FXfqiCwBtPYYwEdSt6i2JAK3mtCENQRVkqxFqJ7MuITqWvC%2BMN8kf7xJAMVw3Pi%2BwP4ynsJ2i9P39j3hIScwyZJnrTYmvmEBYaGyh3glggdLR6Z2nEPfYNLPvvN9EQwqlktC5GkQlXvLeTs%2B%2FSIVVs%2BGy18gywdNW3bW%2FQEE7dXA1KUwhSGuDsqafS4ZzLSpPTn%2BIvcxawVxNuePP9ktetlWpa%2B7REEMBx6BpFHchLdmt8GYLmjphDWBu7OqgGnup8V1asOHNKGlfKIc6DfMjSQdAiJdwXirBRdnaxfvrBbw%3D%3D&nvMid=44618077940&catId=50001519
갤럭시s10렌탈 갤럭시스마트폰 자급제폰 SM-G977N,"99,000원",https://cr.shopping.naver.com/adcr.nhn?x=kEB8W2A6mB%2FYAgw8lvO4pP%2F%2F%2Fw%3D%3Ds%2B0BEQP9LRK%2FedlMV0tAko7Nyk4J0WnbvKAYpCT3PBHmW1lN%2FrePuoCGjaDOC4zAfUPcks%2FC%2B0WEn1cssMe5B9f9zkO0hTbqsqO80aZG%2BiQ1T3%2BYea8CtW8UdKOUr6ku6%2FYKR4MfOf%2FNSKVMdSVxn7smscUZuB%2FB3GA4tAdwd4kJn0E%2B7lsL8Xc%2FJzL4Vwihd8j5I3vFm7FmDqX1HzuWfn8eZUpSkoDMM7rSrpq2dCzurCRdUxvA177jl0VodmokhNUJnit2TyE8yh3GxJ0fiPDAuUyS9BEnMaNOvVh%2Bcss57gobr4lQ2ZSBQ5KLLVWBMV36ogsAbT2GMBHUreotiQJDaTX51BTcwd%2FnN5eyCvG6fVWgOe1KWpcrxkWI6r1Ro29i5VMw4b%2BcNSvsTaZcf6RbCU6c6Th9h1JVBUh%2BgQ%2FjRgW309NPF%2FTtg0SPZ9gS6C0jX1hAh8qnqVwILbB14S6XSZerQ%2FaYquGJsp%2BvgG1z%2B9X%2B969s2wq1wZCWrJEBlmebZ7ZSzdkaAGB0p%2BJqIW1lud3XUV3aJ8yhn1%2FIzfsWASLqec%2FNIQUv1ByDWNX2cJgKPOuSpbh11Z5jcHWhkvG9TZjqEQTAbFzUBl8432wvhVEAf6wwM5tqtSh0bB5Hx&nvMid=82201348722&catId=50001519
삼성전자 갤럭시 S10 5G 512GB 공기계,"249,600원",https://cr.shopping.naver.com/adcr.nhn?x=7dsXjqMaw%2FEcuWQ803gmiv%2F%2F%2Fw%3D%3DsHCrm10%2Bq77hCQXpSmgHaQfXvP4Yc9wjSxhYtPQmz9MyW1lN%2FrePuoCGjaDOC4zAfKayUnjZOr627w08FHMceHM%2BB6dPA9ypXpuNCGxqBsTFT3%2BYea8CtW8UdKOUr6ku6%2FYKR4MfOf%2FNSKVMdSVxn7i%2BYxcAxQnoCnUx3jjIiOILcAdZDhcUNQhYf4Z7nu%2FXG16jkJuvIqZkI8jPbs1Xkq8tOBLG5NWn1reg1Hqz7b509ciGakH%2FsMlwxQAsckwXLgaqpx7O6lXqV73Ky8zb44r0T64VR%2BYLZkHLGS6gcCm7Bz7%2BORHa%2BX777%2F5U82WuFyztzjNAekfjhGYS%2FeS%2BjIs5eq%2FjkSF3kWPvJIIYXJO5drU9gBvTOY8XVxGgpGxxdVNOSv3ZyWHBljWHhXOFpyIWZqvNgxk3DZ5LgvE%2FmqSXdEsNx4ZdkfR9015EMtFLpGiEsoSL7r4YHQ2d3I947L7yaGbEeL%2FY7C9YtY6z2XbJtdBVkyAK20J3oK7d%2BtcjXO4FNoS9Gk6Gtlh30Y9vgNLmMmzA%2FiyB%2FgS5yTPTBG498CXl251OpmWizflz2KEWcvhNbOo%2BlqiaIOxbORLb0UCP%2BBoWQQMdGQDSRw8SdlH%2FHICEQpPL7Rm%2B2fyhjEhHR&nvMid=43392929769&catId=50000249
갤럭시 S10 5G 공기계,"196,000원",https://cr.shopping.naver.com/adcr.nhn?x=Om3E6dui3RVlfTIvgkBtZP%2F%2F%2Fw%3D%3DsBMF2hzCFKArnmeS10ye93H%2Bvgb9RyM52Dt%2FGact3M%2BVLNxXzQCzkIEnu1hmGhT97IWvcFzDahEe17FDA7kkiHt1PUSmdZKpsArmn8OcN7evHODgExG1S49cG2i8U9195mEwwNYZk5m1TJbVuVlt%2BHw1rxYWWd6fJbWVlhGdtJHkQ8EyrzWBmPrLJhUL5PrJtquA7Ayp6Fv%2Fu4RYTX%2F5gYM0AaAHJYrmu1L0HwfAtcV0G7z9hUx%2BOrpJLsbX2U1s1PGOg%2Fyl7828UdDjHxhiabYaweO3G5A8K2oFH8UWW0OZMtcrjaq5w9v506K14HLeFYyuhHiY3CJhq8Ogheo8wvRDm%2BPgHqutpy%2BgxxjdkLUWN5uc8Zhk22NLdX%2FXKRbw7%2FOIq6qLqW%2BXB7aAhUB%2FZQCVdN3LpKf%2FbKuiZi7z1XJSYzSDJQcxPQb%2BTYz1enDOMieHOlAt1BO3EzEBBoUiLHVd%2BqILAG09hjAR1K3qLYkB2Q%2BAXKchULfWYPSQlw5RdXrnu3lqnrFN8fu1aU8uGWSrPWzqKj75UiLk7vKSv4qJGJozAH2%2BvawClzaTH%2FoRAac7orcamYov3TzVQJKS1g2SN2yz0mcEEmaokR9p921adsNv%2BPsRjIgqTCgrlAWlzGiG0%2BMD09kVauJJ3YSFa1EHaOuEAW12zaic40KvQlltblLWjjADnSVpOPm2unNHny1Vhq%2FH77x9Zlr1IFzyuow%3D%3D&nvMid=43270400687&catId=50000249
삼성 갤럭시 S10E 128G 공기계 -갤럭시S10 5G 512GB,"260,000원",https://cr.shopping.naver.com/adcr.nhn?x=WMf9h9b%2Bc2UcW9hX3CpVaf%2F%2F%2Fw%3D%3DsRB7OcdaekMFHRhQbQm%2FiWmI0IoEI%2BSiTiuqBTsj5DEOW1lN%2FrePuoCGjaDOC4zAf15VF9fDnn8DsczixXSbsTj3PbjKDNVozraNm6uWOM2NT3%2BYea8CtW8UdKOUr6ku6UccPdZlxt4XAKQKLLt1Rc1NVcI%2F18ppt353%2FqRWzEBPXkj%2BZW%2F1lJfgqvRvZaBhR0k9lNNCjfgQvIoOXRHbOoyE%2FafSEV10pL6MBQyOEalrcqa52yjm32f%2FHXYPTLHcU7uzJOeG26G33pddLXlGKUx1I%2BrKzIUN8ikuD4JGEMTO54J8UO7LDGXdPU9Do8oyMXmq0wb8nQ9S1CNyVqQgAyMdsImvdpMoSQmNr7ItvFPuvGfcWCgHnl7rBsTIEcSdEQdSqR8NkBJ2zvHClaqqF0w0r%2BRwPzXgbHA1x%2BEZjyc8zuuyCQLKGKuXqyDECS3ZVVC%2Bd%2Bd5Qu3QPu%2B57K2tVUrXkphDvj3kxKSigMXw7V7zxzC9RUQEuPln%2BA1AzwrbbHszVq4kIP1pvmrOTyCVt2T0dVW20SZeleuOWWKeaasg1XYEmOqPtIUJhDIbVO9WwfAl5dudTqZlos35c9ihFnHzNC7%2BLoN4InQMjt65rDv3OrEFEiujunpwBv2vurUBAxyAhEKTy%2B0Zvtn8oYxIR0Q%3D%3D&nvMid=44145358756&catId=50000249
삼성 갤럭시S10 5G 공기계 G977,"162,240원",https://cr.shopping.naver.com/adcr.nhn?x=9qNXMrqtZ3XcbPPEN%2FjGAf%2F%2F%2Fw%3D%3Ds%2FsS5KgGomNBK609vrq7U8%2BX33%2FFvmGJtPedXVEJ%2FXtcBxBRNvFhvy7mgrVLbbbiT4ZoHcN%2F89D40P7PCF3V16dxpF8slYL9cRqEjQ6GVXq6ZA8z76lPqEWMkxz9Qd9l3zjqndUs78bm9DwanKptPQ%2Fa0AF6QykTFX74Hf1aaEpX6xQpEQ1zmCk45R5MPh%2F1pD8HTrsBlBJDTa7zRqC6%2FPPz6h2%2FnGh7ix1Inh7KCk5I1XxSDwp0xwo38bb9dKbouFjMVqtvxm1TmR02xfkpRMEfh%2FKsqHGnfkGuzGJvd9ZJr6kdrp7BvT8OlwZ7P37YyZp%2FuhVWf5tMOyu5R2EADu%2BW%2Fkjsqm%2B%2B5ojcWgntH822hASFm6QMSHF%2FUaOA0EOrwTAeHB6Nbht1x91ALlzSl8fxqmbMDe4NyVVYPJBn5MApgdruGwU0EmJ7iB1dYpeOruXHo6jEYchO8ElpiqrwlppNQb4GJ6H%2FEAfGQNk%2F8Ykc9jwI207JRMWZoqOSRGaJ12%2FASxfJn%2FJ8W6z5JBLFZajCcaFu%2FX2nkK4FZTVHUha%2BGAv2xA9xguVkCJJpofd3uvvkzxsBQCukPHfD5f2oyDEri6RZu7Q7bZOcT2QI7Wn8OEsHC78VBLnFZh%2FnDobeN&nvMid=40750238140&catId=50000249
삼성 갤럭시 S10 5G 자급제 512GB 공기계 SM-G977 랜덤,"420,000원",https://cr.shopping.naver.com/adcr.nhn?x=CbQRpW%2Fft3PQdvU%2BzAWGpP%2F%2F%2Fw%3D%3Dsi58Z7F04bjBNnjAkFmqIaL8bc2kLH5H47IMAE9E1dzMBxBRNvFhvy7mgrVLbbbiTX64soZVJgGy%2Fg8gTPbFNRrC7RVC0yMQbuYpoqYKwIHCZA8z76lPqEWMkxz9Qd9l3zjqndUs78bm9DwanKptPQ%2BiJ1HYESdnil3LC9o8oXFykH74PNwxBgJkPDYagGZ1PrzYXzFcL%2BakbHfE%2Bowmbs20ZOgyb9XBNASZo0komna65S%2FHAm0XcA%2Fb2Xjvq5Hp7TesCLUPcTWpUg02k%2FibGG%2FfBkW7ZoyjsPA5QZTvEayiUEvPfKIfvlvh8rjYyTioMZdyUZJ5Ne%2B5ct5QICP5j2YHP2TUt0%2F3GNodSQnrJQASJ%2BHvwPYsaKPwschiNg3a0EIZJB1yuP5kkcuYnGBP9uwVt%2Bq%2BEGbIURH4Pt76u0TboqFUV%2FGpDYKIWLGxPeDGBrMMzsA2M%2F%2FINvxH7SqJk6QEMKpgpX4lgpKmhfICAvOaRZbtbpac%2FOMZWB0yqsYHtYHa7hsFNBJie4gdXWKXjq%2BRapc5cwMbNqXDOnU1pwpJsIj%2BXynFV3YfLJbBCMsnUIKSe2hn1UoLd5K00rOoy1n6nABo3WpQb7qlZsHyULRjrKsWPpNhM0DBFdZXlqcGOktIdzayuBimWhwpePlH48NOf4i9zFrBXE2548%2F2S162NVnMRAi3IDwXCmkzhzmudePDkp35wSQqFMncfWH01aFvEtQivv%2F7b8KALCoAz419B0CIl3BeKsFF2drF%2B%2BsFv&nvMid=42972080523&catId=50001519
삼성전자 삼성 갤럭시S10 공기계 G973,"141,550원",https://cr.shopping.naver.com/adcr.nhn?x=W%2F0DDwxV08EfiZAQu%2BjUDP%2F%2F%2Fw%3D%3DsIbspEyckHpzI5UsQ2EhfM2Lq8UPkHLqTTYhvYNUskVYBxBRNvFhvy7mgrVLbbbiTmIP7rt5KVWbqPdx2q%2BRx%2Bv16z7RI%2FGp2CPTS4gf70baZA8z76lPqEWMkxz9Qd9l3zjqndUs78bm9DwanKptPQ%2FOpPHAAXoCUftUko9nv9KGSfzoBgshimPVVTZ9R5tE2SrAg54EzV%2FuifLO7vF%2B8E9a6D8Gc6a3mdfIhaIhp%2BTuzW5Os3S5bzC3HQGV4POaXf2vmIC7xIWQei%2BJrtUVT7GnxtV23sCvbm1XBAfSpA%2Fmy1Buu0wydVXAglKw1k%2BpI9xmTuY7AWuqxPjfhfa%2BR%2B5pJoFZWNI2yKANI85NeZBak6v2w9jBqMGR4TTsgYaQnlII%2ByYYqWVu3SSXxcjEJdCjY7QZaNf%2F959latTe2%2FO9uC%2FR0AErOT6%2Bh28qhDv82H%2FU%2FRs2RONfDDKvEvB6Nn%2Bg8%2FJIQ1DDcTEzfrrSwa2wDeqEwReF0buq5Z3l2WBfBlA4ECMcvlOgs0fLlmlENemXB0uYBc3%2BgB90UGlVRL%2BJhDmSE5vWTzzsuVrvHrRP%2F1oX%2BuCaqM0PfYjhvDV3iLeHxsqmIPMpvT8%2BqfrBOs%2F4Ky9XLMg6tA1P70W3vCsnSNjFnpKpk3A32%2FYTMxCHHaq%2BMGIzP9orW6HgBQ08va6LxO4eppA%2BpBpuNkSrKacD2gqgOvq6z5EpEI5N2xav1Mg%3D%3D&nvMid=40750721540&catId=50000249
[갤럭시] 갤럭시 S10 5G 256GB 공기계 SM-G977N,"275,000원",https://cr.shopping.naver.com/adcr.nhn?x=EgIaKeOHUeYzIBWB5FF1xf%2F%2F%2Fw%3D%3Ds8WhVNxXxCgKYTSlCCFT3c9skiJhxx8SFjIpOCi5Ih86W1lN%2FrePuoCGjaDOC4zAfeWL6%2B%2BJoFUK5qaOz2JdtwXlGMqVL4z4ndzWwgrvjnSFT3%2BYea8CtW8UdKOUr6ku6%2FYKR4MfOf%2FNSKVMdSVxn7sKnf8MCTviy2wcatzF5dszCZpBTdrt3bWAArRPnKowazZztvLlYniS7XwRevxknW68Ry4vrNZWjH8FLVpHfbiWSj%2Fmol3L8gbiZUzsoOaQ7RlA7AtSzHy0fIZ1DoJirj8orOcpyyHzin%2Bc5GJ50zUaJ%2BHvwPYsaKPwschiNg3a0EIZJB1yuP5kkcuYnGBP9uwVt%2Bq%2BEGbIURH4Pt76u0TbBDmQ3iG4%2FBzbCqFaANm9haJzKlJxDwH98Bda84B%2BVjaMSM1rWuw%2FZ5781TfjAzdS5QdwZSUDW%2F0WYqoZHoQaqM5OEUAXpQcymTGPx2eExY5HyxQ%2BLBEQwEJYLDOb6tPQe2ADX9XhFTluryYaNQ2Cbk05t5ShjtrALP5MoCdzq4mnO6K3GpmKL9081UCSktYPb5FWVK%2B8v1KyFWCsnpktwBZvH9s1FxnxKH5%2FMMS8%2FJ7EKHCxBhmtMLJXh3NqRZK3mRDkU89jzomXtNjWRTyUa6XnC4SX%2BTo0FHcnxNfzXc29TZjqEQTAbFzUBl8432wvhVEAf6wwM5tqtSh0bB5Hx&nvMid=44801539811&catId=50000249
"프레임이 있는 오리지널 Amoled 디스플레이, 삼성 갤럭시 S10","106,300원",https://cr.shopping.naver.com/adcr.nhn?x=y%2Fv%2Bvu9t7kIKB0DRYDku%2B%2F%2F%2F%2Fw%3D%3DsLUv%2FqX6Y2V%2B9ektUqGy4vjKlTiWBw%2F4Zg%2F%2BG0Aklo6yW1lN%2FrePuoCGjaDOC4zAfCG2bPBaq%2FvkXldr4reM5AN7SLBx5j%2FH66aiHk3vzuN9T3%2BYea8CtW8UdKOUr6ku6%2FYKR4MfOf%2FNSKVMdSVxn7hcatm9B2veASW0kGa8JRaVdIQP9Fauc8IpTXCaslz9QpjBAJFeSGjYx0fF%2F92zPijMI1GzhkOIjhq2scYLtdg5Hme%2Fq28OKIiAYo8pEk2LX26YRrUgC1yvjaCZiO1TqnA7yW7ZLj9q8%2Bly1YMcjiJjCN4wSuq4zJbY4rgPI14Pwih42CE2izBWQARZI0idLHon4e%2FA9ixoo%2FCxyGI2DdrQQhkkHXK4%2FmSRy5icYE%2F27%2FhDyiXZ86Jo%2BZEQ64BV62TyZB%2BIi7B7Jm5%2FLVWixMaEIN3A3u3O07Sg4gQ4JNPwZAQwqmClfiWCkqaF8gIC85t1br1PztAa1Xk7e5XmM9N8SSv42mMxptY0dKeg6tO0d5gGhc8kY1hit6YvNHktguGpNvLSaTID99qsZYSq%2FLDMrMwxfhRikE1k5GJGxvHLeGAViCM7GlmNb8lmqVFYZi0W%2F7nJbrLFCatYPgEL4RYpW2izvyyNeZ2%2FGpXfA2toKbZfHKO1Apcn%2Bgxjj3QgXLrEKHCxBhmtMLJXh3NqRZK3TRLK6i58zlQj%2BAUMLzbgpNbJnqAzJzA819TKCaY3L%2BW9TZjqEQTAbFzUBl8432wvhVEAf6wwM5tqtSh0bB5Hx&nvMid=44408210433&catId=50001519
삼성전자 갤럭시 S10 공기계 128GB 3사호환 알뜰사용가능 잔상C등급부터 G973 폰브,"170,000원",https://cr.shopping.naver.com/adcr.nhn?x=jIqN8oPO%2BstUGRCjxHtlKv%2F%2F%2Fw%3D%3DsP9eBgZ55DO%2BTfmMnvtaAW3Tonm4GWvQz5%2BNNDLaaz%2F0BxBRNvFhvy7mgrVLbbbiTJ9wqMLpUqDJJ3XG9MZ4ca9TrHt8ftFFBU3nzGAQra5yZA8z76lPqEWMkxz9Qd9l3zjqndUs78bm9DwanKptPQ9kSYu%2BDqhTE4HrNnP%2FwcU4jU%2BagPeCQpEDKfP5xoD1v8fWqN97ct%2FxV7QKsLpNyTFZZzLH2p8G4V5NTlbqUll4KoaRkck8ADdLOCMOjAcCZvRPrhVH5gtmQcsZLqBwKbsHPv45Edr5fvvv%2FlTzZa4VEOnKSk6pZmBmpZwGZXBENtk8qsGJngwxp0ZB%2BgP0EGEem8xIJE5ljz0yeuhoQ3A%2F1weJu5wrfvRUFgIuwANio92jajQ5nRaZtXxBi%2BLjfn2B2u4bBTQSYnuIHV1il46tb%2B8s5vSAEUgMaEGfRfM4Ai6LtwaQIlYwrV3eJky03p9Cv7wacQCnMY8naKeFeqRjH%2BFuTVq07rSyoHBwZLKe%2B4X1PiqYImmYAEc2NJ5T2Q2XqhjiHQUeux6BIybKX3ynipGhT%2FNHgooMhGAo84bFzp1nJ908y4UmK5Fbuhsw6G1Z%2BxrzpLkI3ixRhAh5Jx6WPBimPDZwOttZjcrwUclZ97rCCrVmku384BzfHc75IiwLnTHcCgo35mEteSEVmjwFoaKZHilHbuauHUigNM5KA&nvMid=32871013661&catId=50001519
LG U+알뜰모바일 번호이동 삼성 갤럭시 S10,"1,000원",https://cr.shopping.naver.com/adcr.nhn?x=cUno373KPuDyO4pxIEK69P%2F%2F%2Fw%3D%3Ds%2FDif2VfarDMwMnpqn9YWq9Bj1dz1pugS4xG5pYpEA%2B6W1lN%2FrePuoCGjaDOC4zAfkbMj0yHL60f4bu5GH87QSRsBYd1or5KYF7DaBX3gKXNT3%2BYea8CtW8UdKOUr6ku6UccPdZlxt4XAKQKLLt1Rc1NVcI%2F18ppt353%2FqRWzEBPXkj%2BZW%2F1lJfgqvRvZaBhRK3hzykbCYK68f9aFGZzwit5%2FkJCv6XrTDzOqDVvTSOAGm0YaszgzlxvVs9oY9oaqR%2BH8qyocad%2BQa7MYm931kmvqR2unsG9Pw6XBns%2FftjJmn%2B6FVZ%2Fm0w7K7lHYQAO7S1jr3w6%2BxDBx9ziGeMKk93%2BUucnAxrsG3xHb9QOpCsLVt6mEHmnKTnJ47sFgBRWqyMwHXuBc26INwyiipTYEMixYbiqqKxVoCducQ2WN25Pm%2BPXecs2cF6TbBtr679%2Bvx91SEshpkO1wi8%2Fx0fbRKw3h2ZRuSqNA2tpjqopmQfG1L7hsJnBttYIfEwsQkPIjsNYoTgWZzuTWqFkPBrqp9GtY0vFGtYcImi51jMcKK8ajgaBAz6mSh4ZBvntubS4twKWsLylGcwTZonr9M%2FUWUGO0QScdmj79W4Ike%2ByYeOsNUJgJp6CUXauCvW7Y5AjN&nvMid=39144439602&catId=50000248
삼성 갤럭시 S10 플러스 공기계 512GB,"270,000원",https://cr.shopping.naver.com/adcr.nhn?x=O2NFAWrWNIX%2FzZp%2BIzd%2BKP%2F%2F%2Fw%3D%3DsdZR6GpgR12szNPNCedVo%2FarGYIs66pyLizGtfhkMWpQBxBRNvFhvy7mgrVLbbbiTleKIBo%2FpRLEdT5kZRKW6SsgARfoglLEi3IUwy7tp%2FLSZA8z76lPqEWMkxz9Qd9l3zjqndUs78bm9DwanKptPQ2to9Hg73HbAIItcVXxE0vc1JlZHfES505%2F%2Fvugbi%2Fnd9Z0jKk8VhySgSguGKjdwgQ7R4UjvDdzVO8IV2jYfIWmk0Qn9imC6C4DHCKlBVT5BmkmgVlY0jbIoA0jzk15kFqTq%2FbD2MGowZHhNOyBhpCeUgj7JhipZW7dJJfFyMQl0eu%2F1iagDhqeU%2BAbQvCvg3V2tT2AG9M5jxdXEaCkbHF0vdrNyC6M1d7IfPa2ALGb%2BU6Lr3VjqZ%2BsTdIxItynM7YhpKcGH5%2F%2B%2FAonm5oA0pipY8cP%2Fus6lhOVM6GkPtouhO6HrAy6Hz3hsFXg6Z6eYXUngSk%2Frqnjc6XGiGRu%2FkdP48L%2FSmY1%2FDw0ZwGX7gf4uWhjDmzyvoRUPZ%2FvoyDGf1i6CIOHlLyf7tFzQx427OB1Zw0uQVNvcERNKNHxhMFvwtITCw%2FtIQVpyqVY3YKc1LuR79U%2F6Az3gE9mQ%2Flgn57E%3D&nvMid=35355982655&catId=50000249
삼성 갤럭시 S10 5G 자급제 512GB 공기계 SM-G977,"380,000원",https://cr.shopping.naver.com/adcr.nhn?x=uIentjq9wBA%2FNCRbR5sUeP%2F%2F%2Fw%3D%3DsQq0vIsca4lY%2FJ%2F0XEZRYG%2B14rpPCL2w2CZpAK8oMExqW1lN%2FrePuoCGjaDOC4zAfPspozm%2BsK7QaIGA%2B19J5ys%2BB6dPA9ypXpuNCGxqBsTFT3%2BYea8CtW8UdKOUr6ku6%2FYKR4MfOf%2FNSKVMdSVxn7hcatm9B2veASW0kGa8JRaVdIQP9Fauc8IpTXCaslz9Q3763NGEYJNc%2BPKYHElX5m1Ub6GQDmabSYA9%2FBPvWQmvLGKdUfoEOFQkwU5exGYNU26YRrUgC1yvjaCZiO1TqnA7yW7ZLj9q8%2Bly1YMcjiJjCN4wSuq4zJbY4rgPI14Pwih42CE2izBWQARZI0idLHon4e%2FA9ixoo%2FCxyGI2DdrQQhkkHXK4%2FmSRy5icYE%2F27ZC%2BSXUxwyLUckntucAABtUHkJqDNiQhu6Q7EL7rK1HgIN3A3u3O07Sg4gQ4JNPwZAQwqmClfiWCkqaF8gIC85sKya60%2BQG3MiwYnUCWQfeZgdruGwU0EmJ7iB1dYpeOr5FqlzlzAxs2pcM6dTWnCkmwiP5fKcVXdh8slsEIyydQgpJ7aGfVSgt3krTSs6jLWdJJZ0BH91SNNXgu%2Bozehms4St0rDgvBaO26G3PYdaQhWMT0XxEtgDQd60osnkVYLLoIg4eUvJ%2Fu0XNDHjbs4HSjfcYf2sJssky8%2B3xEZsGp3wxaBTWOsUKvAl2MNu%2Fvk5Hv1T%2FoDPeAT2ZD%2BWCfnsQ%3D%3D&nvMid=44618065988&catId=50001519
삼성 갤럭시S10 Galaxy S10 공기계 자급제,"348,000원",https://cr.shopping.naver.com/adcr.nhn?x=UnDHndly%2FoUvNcUtwmYi8%2F%2F%2F%2Fw%3D%3DsTiIaI3jK1Y9PcMvIsSqewVcq3LXGu4nz0D48pHBznrSW1lN%2FrePuoCGjaDOC4zAfcoMwca5XtDH%2FIxLLckFfYT3PbjKDNVozraNm6uWOM2NT3%2BYea8CtW8UdKOUr6ku6UccPdZlxt4XAKQKLLt1RcwjbH%2B7sNgzVdawuhA2rgiFocCRGEWD8W%2BMUDH2rQjhpB5LNNVGDd03vTU2kxxkP92uthDr4UT844DySep6%2FCA4MBUcTFR5gn9Q8lPHlxGpUVV3pn6Znl%2B9MAtsEE%2BZ8ouacYsA2T1ONC2M4R1%2F3Eb%2FI78yRcv0O2PjXeyTzLBLmag6Is5lOxS5TSwEA1PQzi2GMkKJgDgkcL2l7%2BAVNd78r9ZrqXBPBMu3BMfgX4yCd%2F8yUSXoZf42AVonqAIn4UiTCgBG4B8cSz9HAQIltUN2offw3br4SODRTnNZ2i%2FZ8A5hhLG6%2BMiL%2Fch3mhjzxXKWRfrjtl2OPD36vkxy%2Bn5oDSr%2FHbhpW%2FFEjU1glTukGo64FkP9CQbIx7neKc6Octfy%2FyPNxfMxZUcbkcAcnSAPcX%2FlJTG5lkffx1cQNI8eXEOoNoR4u44wqm57LFsgoLoKoDr6us%2BRKRCOTdsWr9TI%3D&nvMid=44950548476&catId=50001519
삼성전자 삼성 갤럭시 S10 5G 512GB 정품 자급제 랜덤,"419,000원",https://cr.shopping.naver.com/adcr.nhn?x=pcnt%2FDmo7AK0a9NI2zeyPP%2F%2F%2Fw%3D%3DsPAJeLdbGJcQ2iazTHawvaLZCDefXej5djFEl7O4fAIlLNxXzQCzkIEnu1hmGhT973Ii%2FcwBOqNNlOfziMiTGJt1PUSmdZKpsArmn8OcN7evHODgExG1S49cG2i8U9195mEwwNYZk5m1TJbVuVlt%2BHxwjWpYvNgLjiG0HhNz8r7ZTHG9e0sA%2FeBePoi%2BFlBkWgwUqMVXes84r51yPNjqiOu8qUP4ELLl%2B7ouBdW%2BdmrI8yaE5BP6PdpgFHdkENxc3s1nua%2Bd3ff14%2FXRqhyekbMU3isfeXPT816vVb47%2Ft%2FLe6zceTwMY7MjFno1LMTHEy%2F6MHZ6u%2F5n6uuzlUc6JNEuUiTS4CHUtVxQrWeRhExhyKlhSwPYunvR70iGIH4vMFoqDarGVBp8JijlJZzgikGGMkKJgDgkcL2l7%2BAVNd79BW5hHh4V7DLFSdtKnWnOp%2F8yUSXoZf42AVonqAIn4UkxkcCEUb9a%2FAQw6nB8bVMMQ9YvGRtm7bCq0u5q1isO5sRwS1s39leE%2BcR0cikeD5T%2FHcsZZG48AffZqXEoeAHWlkX647Zdjjw9%2Br5Mcvp%2BaFBjbhdl%2Fb828LNjLvb9H3aOuBZD%2FQkGyMe53inOjnLUUSiup07nBArhvAMulGeGXPe2s460iAbf7Eb2BIP2NDrwfQzZKsYtqRXBXZ11M9Z%2BCqA6%2BrrPkSkQjk3bFq%2FUy&nvMid=42775214307&catId=50001519
